#Top: ios   Floorplan: io_1   Part: xc7z015clg485-3,,,,,,,,,,,,,,,,,,,,,,,,,
#Generated by: ZdunekPC   on: Mon Jan 22 00:57:57 2018,,,,,,,,,,,,,,,,,,,,,,,,,
#Build: Vivado v2017.4   by: xbuild   on: Fri Dec 15 20:55:39 MST 2017,,,,,,,,,,,,,,,,,,,,,,,,,
#Package Version: FINAL 2013-10-23,,,,,,,,,,,,,,,,,,,,,,,,,
#Package Pin Delay Version: VERS. 2.0 2013-10-23,,,,,,,,,,,,,,,,,,,,,,,,,
,,,,,,,,,,,,,,,,,,,,,,,,,
################################################################################,,,,,,,,,,,,,,,,,,,,,,,,,
#INVALID / INCOMPLETE PINOUT,,,,,,,,,,,,,,,,,,,,,,,,,
#There are 38 unassigned signals in this design. The last 38 rows of this file list these signals.,,,,,,,,,,,,,,,,,,,,,,,,,
################################################################################,,,,,,,,,,,,,,,,,,,,,,,,,
,,,,,,,,,,,,,,,,,,,,,,,,,
IO Bank,Pin Number,Site,Site Type,Min Trace Delay (ps),Max Trace Delay (ps),Prohibit,Interface,Signal Name,Direction,DiffPair Type,DiffPair Signal,IO Standard,Drive (mA),Slew Rate,OUTPUT_IMPEDANCE,PRE_EMPHASIS,LVDS_PRE_EMPHASIS,EQUALIZATION,Pull Type,DQS_BIAS,IN_TERM,DIFF_TERM,OFFCHIP_TERM,Board Signal,Board Voltage
13,T16,IOB_X0Y49,IO_0_13,108.106,109.192,,,FPGA_BANK13_IO[0],IN,,,LVCMOS33,,,,,,,,,,,,,
13,V13,IOB_X0Y48,IO_L1P_T0_13,177.519,179.303,,,FPGA_BANK13_IO[1],IN,,,LVCMOS33,,,,,,,,,,,,,
13,U12,IOB_X0Y39,IO_L5N_T0_13,200.17,202.182,,,FPGA_BANK13_IO[2],IN,,,LVCMOS33,,,,,,,,,,,,,
13,V14,IOB_X0Y47,IO_L1N_T0_13,161.848,163.474,,,FPGA_BANK13_IO[3],IN,,,LVCMOS33,,,,,,,,,,,,,
13,V15,IOB_X0Y46,IO_L2P_T0_13,189.54,191.445,,,FPGA_BANK13_IO[4],IN,,,LVCMOS33,,,,,,,,,,,,,
13,W15,IOB_X0Y45,IO_L2N_T0_13,180.553,182.368,,,FPGA_BANK13_IO[5],IN,,,LVCMOS33,,,,,,,,,,,,,
13,W12,IOB_X0Y44,IO_L3P_T0_DQS_13,199.717,201.724,,,FPGA_BANK13_IO[6],IN,,,LVCMOS33,,,,,,,,,,,,,
13,W13,IOB_X0Y43,IO_L3N_T0_DQS_13,191.645,193.571,,,FPGA_BANK13_IO[7],IN,,,LVCMOS33,,,,,,,,,,,,,
13,V11,IOB_X0Y42,IO_L4P_T0_13,201.669,203.696,,,FPGA_BANK13_IO[8],IN,,,LVCMOS33,,,,,,,,,,,,,
13,W11,IOB_X0Y41,IO_L4N_T0_13,187.023,188.903,,,FPGA_BANK13_IO[9],IN,,,LVCMOS33,,,,,,,,,,,,,
13,U11,IOB_X0Y40,IO_L5P_T0_13,195.241,197.203,,,FPGA_BANK13_IO[10],IN,,,LVCMOS33,,,,,,,,,,,,,
34,L7,IOB_X1Y93,IO_L3N_T0_DQS_34,62.862,63.494,,,FPGA_BANK34_HSTL_IN_IO[0],IN,,,HSTL_I_18,,,,,,,,,,,,,
34,L6,IOB_X1Y92,IO_L4P_T0_34,107.373,108.453,,,FPGA_BANK34_HSTL_IN_IO[1],IN,,,HSTL_I_18,,,,,,,,,,,,,
34,N5,IOB_X1Y61,IO_L19N_T3_VREF_34,71.712,72.433,,,FPGA_BANK34_HSTL_IN_IO[2],IN,,,HSTL_I_18,,,,,,,,,,,,,
34,R7,IOB_X1Y51,IO_L24N_T3_34,80.535,81.344,,,FPGA_BANK34_HSTL_IN_IO[3],IN,,,HSTL_I_18,,,,,,,,,,,,,
34,R5,IOB_X1Y54,IO_L23P_T3_34,55.401,55.958,,,FPGA_BANK34_HSTL_IN_IO[4],IN,,,HSTL_I_18,,,,,,,,,,,,,
34,M8,IOB_X1Y88,IO_L6P_T0_34,63.721,64.362,,,FPGA_BANK34_HSTL_IN_IO[5],IN,,,HSTL_I_18,,,,,,,,,,,,,
34,N6,IOB_X1Y62,IO_L19P_T3_34,94.097,95.043,,,FPGA_BANK34_HSTL_IN_IO[6],IN,,,HSTL_I_18,,,,,,,,,,,,,
34,J5,IOB_X1Y86,IO_L7P_T1_34,57.466,58.044,,,FPGA_BANK34_HSTL_IN_IO[7],IN,,,HSTL_I_18,,,,,,,,,,,,,
34,K5,IOB_X1Y85,IO_L7N_T1_34,56.375,56.942,,,FPGA_BANK34_HSTL_IN_IO[8],IN,,,HSTL_I_18,,,,,,,,,,,,,
34,J6,IOB_X1Y95,IO_L2N_T0_34,67.71,68.39,,,FPGA_BANK34_HSTL_IN_IO[9],IN,,,HSTL_I_18,,,,,,,,,,,,,
34,J1,IOB_X1Y83,IO_L8N_T1_34,64.841,65.492,,,FPGA_BANK34_HSTL_IN_IO[10],IN,,,HSTL_I_18,,,,,,,,,,,,,
34,J3,IOB_X1Y82,IO_L9P_T1_DQS_34,51.082,51.595,,,FPGA_BANK34_HSTL_IN_IO[11],IN,,,HSTL_I_18,,,,,,,,,,,,,
34,K2,IOB_X1Y81,IO_L9N_T1_DQS_34,51.101,51.615,,,FPGA_BANK34_HSTL_IN_IO[12],IN,,,HSTL_I_18,,,,,,,,,,,,,
34,L2,IOB_X1Y80,IO_L10P_T1_34,45.753,46.213,,,FPGA_BANK34_HSTL_IN_IO[13],IN,,,HSTL_I_18,,,,,,,,,,,,,
34,L1,IOB_X1Y79,IO_L10N_T1_34,57.818,58.399,,,FPGA_BANK34_HSTL_IN_IO[14],IN,,,HSTL_I_18,,,,,,,,,,,,,
34,K4,IOB_X1Y78,IO_L11P_T1_SRCC_34,42.298,42.723,,,FPGA_BANK34_HSTL_IN_IO[15],IN,,,HSTL_I_18,,,,,,,,,,,,,
34,K3,IOB_X1Y77,IO_L11N_T1_SRCC_34,52.828,53.359,,,FPGA_BANK34_HSTL_IN_IO[16],IN,,,HSTL_I_18,,,,,,,,,,,,,
34,L5,IOB_X1Y76,IO_L12P_T1_MRCC_34,46.742,47.212,,,FPGA_BANK34_HSTL_IN_IO[17],IN,,,HSTL_I_18,,,,,,,,,,,,,
34,L4,IOB_X1Y75,IO_L12N_T1_MRCC_34,57.162,57.736,,,FPGA_BANK34_HSTL_IN_IO[18],IN,,,HSTL_I_18,,,,,,,,,,,,,
34,T2,IOB_X1Y74,IO_L13P_T2_MRCC_34,74.588,75.338,,,FPGA_BANK34_HSTL_IN_IO[19],IN,,,HSTL_I_18,,,,,,,,,,,,,
34,T1,IOB_X1Y73,IO_L13N_T2_MRCC_34,87.891,88.775,,,FPGA_BANK34_HSTL_IN_IO[20],IN,,,HSTL_I_18,,,,,,,,,,,,,
34,U2,IOB_X1Y72,IO_L14P_T2_SRCC_34,113.057,114.193,,,FPGA_BANK34_HSTL_IN_IO[21],IN,,,HSTL_I_18,,,,,,,,,,,,,
34,U1,IOB_X1Y71,IO_L14N_T2_SRCC_34,88.79,89.682,,,FPGA_BANK34_HSTL_IN_IO[22],IN,,,HSTL_I_18,,,,,,,,,,,,,
34,M2,IOB_X1Y70,IO_L15P_T2_DQS_34,61.652,62.271,,,FPGA_BANK34_HSTL_IN_IO[23],IN,,,HSTL_I_18,,,,,,,,,,,,,
34,M1,IOB_X1Y69,IO_L15N_T2_DQS_34,60.315,60.922,,,FPGA_BANK34_HSTL_IN_IO[24],IN,,,HSTL_I_18,,,,,,,,,,,,,
34,N1,IOB_X1Y68,IO_L16P_T2_34,69.756,70.457,,,FPGA_BANK34_HSTL_IN_IO[25],IN,,,HSTL_I_18,,,,,,,,,,,,,
34,J8,IOB_X1Y98,IO_L1P_T0_34,71.603,72.323,,,FPGA_BANK34_HSTL_IO0[0],OUT,,,HSTL_I_18,,SLOW,,,,,,,,,FP_VTT_50,,
34,K8,IOB_X1Y97,IO_L1N_T0_34,69.473,70.171,,,FPGA_BANK34_HSTL_IO0[1],OUT,,,HSTL_I_18,,SLOW,,,,,,,,,FP_VTT_50,,
34,J7,IOB_X1Y96,IO_L2P_T0_34,91.964,92.889,,,FPGA_BANK34_HSTL_IO0[2],OUT,,,HSTL_I_18,,SLOW,,,,,,,,,FP_VTT_50,,
34,J2,IOB_X1Y84,IO_L8P_T1_34,55.802,56.363,,,FPGA_BANK34_HSTL_IO0[3],OUT,,,HSTL_I_18,,SLOW,,,,,,,,,FP_VTT_50,,
35,F7,IOB_X1Y148,IO_L1P_T0_AD0P_35,46.312,46.778,,,FPGA_DIFF[1],IN,P,FPGA_DIFF_N[1],LVDS_25,,,,,,,,,,true,,,
35,D7,IOB_X1Y146,IO_L2P_T0_AD8P_35,50.899,51.411,,,FPGA_DIFF[2],IN,P,FPGA_DIFF_N[2],LVDS_25,,,,,,,,,,true,,,
35,E8,IOB_X1Y144,IO_L3P_T0_DQS_AD1P_35,71.631,72.351,,,FPGA_DIFF[3],IN,P,FPGA_DIFF_N[3],LVDS_25,,,,,,,,,,,,,
35,G6,IOB_X1Y138,IO_L6P_T0_35,48.937,49.429,,,FPGA_DIFF[4],IN,P,FPGA_DIFF_N[4],LVDS_25,,,,,,,,,,,,,
35,F5,IOB_X1Y140,IO_L5P_T0_AD9P_35,32.448,32.774,,,FPGA_DIFF[5],IN,P,FPGA_DIFF_N[5],LVDS_25,,,,,,,,,,,,,
35,G8,IOB_X1Y142,IO_L4P_T0_35,68.127,68.812,,,FPGA_DIFF[6],IN,P,FPGA_DIFF_N[6],LVDS_25,,,,,,,,,,,,,
35,C8,IOB_X1Y136,IO_L7P_T1_AD2P_35,88.839,89.732,,,FPGA_DIFF[7],IN,P,FPGA_DIFF_N[7],LVDS_25,,,,,,,,,,,,,
35,B7,IOB_X1Y134,IO_L8P_T1_AD10P_35,77.978,78.762,,,FPGA_DIFF[8],IN,P,FPGA_DIFF_N[8],LVDS_25,,,,,,,,,,,,,
35,A7,IOB_X1Y132,IO_L9P_T1_DQS_AD3P_35,96.277,97.245,,,FPGA_DIFF[9],IN,P,FPGA_DIFF_N[9],LVDS_25,,,,,,,,,,,,,
35,A5,IOB_X1Y130,IO_L10P_T1_AD11P_35,90.962,91.876,,,FPGA_DIFF[10],IN,P,FPGA_DIFF_N[10],LVDS_25,,,,,,,,,,,,,
35,C6,IOB_X1Y128,IO_L11P_T1_SRCC_35,80.667,81.478,,,FPGA_DIFF[11],IN,P,FPGA_DIFF_N[11],LVDS_25,,,,,,,,,,,,,
35,D5,IOB_X1Y126,IO_L12P_T1_MRCC_35,108.72,109.813,,,FPGA_DIFF[12],IN,P,FPGA_DIFF_N[12],LVDS_25,,,,,,,,,,,,,
35,B4,IOB_X1Y124,IO_L13P_T2_MRCC_35,76.924,77.698,,,FPGA_DIFF[13],OUT,P,FPGA_DIFF_N[13],LVDS_25,,,,,,,,,,,FD_100,,
35,D3,IOB_X1Y122,IO_L14P_T2_AD4P_SRCC_35,80.581,81.391,,,FPGA_DIFF[14],IN,P,FPGA_DIFF_N[14],LVDS_25,,,,,,,,,,true,,,
35,A2,IOB_X1Y120,IO_L15P_T2_DQS_AD12P_35,95.871,96.835,,,FPGA_DIFF[15],IN,P,FPGA_DIFF_N[15],LVDS_25,,,,,,,,,,,,,
35,D1,IOB_X1Y118,IO_L16P_T2_35,82.667,83.498,,,FPGA_DIFF[16],IN,P,FPGA_DIFF_N[16],LVDS_25,,,,,,,,,,,,,
35,E2,IOB_X1Y116,IO_L17P_T2_AD5P_35,77.454,78.232,,,FPGA_DIFF[17],IN,P,FPGA_DIFF_N[17],LVDS_25,,,,,,,,,,,,,
35,B2,IOB_X1Y114,IO_L18P_T2_AD13P_35,108.165,109.253,,,FPGA_DIFF[18],IN,P,FPGA_DIFF_N[18],LVDS_25,,,,,,,,,,,,,
35,H4,IOB_X1Y112,IO_L19P_T3_35,58.955,59.548,,,FPGA_DIFF[19],IN,P,FPGA_DIFF_N[19],LVDS_25,,,,,,,,,,,,,
35,E7,IOB_X1Y147,IO_L1N_T0_AD0N_35,40.303,40.708,,,FPGA_DIFF_N[1],IN,N,FPGA_DIFF[1],LVDS_25,,,,,,,,,,true,,,
35,D6,IOB_X1Y145,IO_L2N_T0_AD8N_35,43.638,44.077,,,FPGA_DIFF_N[2],IN,N,FPGA_DIFF[2],LVDS_25,,,,,,,,,,true,,,
35,D8,IOB_X1Y143,IO_L3N_T0_DQS_AD1N_35,72.135,72.86,,,FPGA_DIFF_N[3],IN,N,FPGA_DIFF[3],LVDS_25,,,,,,,,,,,,,
35,F6,IOB_X1Y137,IO_L6N_T0_VREF_35,35.044,35.396,,,FPGA_DIFF_N[4],IN,N,FPGA_DIFF[4],LVDS_25,,,,,,,,,,,,,
35,E5,IOB_X1Y139,IO_L5N_T0_AD9N_35,39.631,40.03,,,FPGA_DIFF_N[5],IN,N,FPGA_DIFF[5],LVDS_25,,,,,,,,,,,,,
35,G7,IOB_X1Y141,IO_L4N_T0_35,66.267,66.933,,,FPGA_DIFF_N[6],IN,N,FPGA_DIFF[6],LVDS_25,,,,,,,,,,,,,
35,B8,IOB_X1Y135,IO_L7N_T1_AD2N_35,85.877,86.74,,,FPGA_DIFF_N[7],IN,N,FPGA_DIFF[7],LVDS_25,,,,,,,,,,,,,
35,B6,IOB_X1Y133,IO_L8N_T1_AD10N_35,79.319,80.117,,,FPGA_DIFF_N[8],IN,N,FPGA_DIFF[8],LVDS_25,,,,,,,,,,,,,
35,A6,IOB_X1Y131,IO_L9N_T1_DQS_AD3N_35,90.473,91.382,,,FPGA_DIFF_N[9],IN,N,FPGA_DIFF[9],LVDS_25,,,,,,,,,,,,,
35,A4,IOB_X1Y129,IO_L10N_T1_AD11N_35,89.896,90.799,,,FPGA_DIFF_N[10],IN,N,FPGA_DIFF[10],LVDS_25,,,,,,,,,,,,,
35,C5,IOB_X1Y127,IO_L11N_T1_SRCC_35,69.869,70.571,,,FPGA_DIFF_N[11],IN,N,FPGA_DIFF[11],LVDS_25,,,,,,,,,,,,,
35,C4,IOB_X1Y125,IO_L12N_T1_MRCC_35,100.699,101.711,,,FPGA_DIFF_N[12],IN,N,FPGA_DIFF[12],LVDS_25,,,,,,,,,,,,,
35,B3,IOB_X1Y123,IO_L13N_T2_MRCC_35,84.239,85.086,,,FPGA_DIFF_N[13],OUT,N,FPGA_DIFF[13],LVDS_25,,,,,,,,,,,FD_100,,
35,C3,IOB_X1Y121,IO_L14N_T2_AD4N_SRCC_35,77.11,77.885,,,FPGA_DIFF_N[14],IN,N,FPGA_DIFF[14],LVDS_25,,,,,,,,,,true,,,
35,A1,IOB_X1Y119,IO_L15N_T2_DQS_AD12N_35,95.041,95.996,,,FPGA_DIFF_N[15],IN,N,FPGA_DIFF[15],LVDS_25,,,,,,,,,,,,,
35,C1,IOB_X1Y117,IO_L16N_T2_35,82.177,83.003,,,FPGA_DIFF_N[16],IN,N,FPGA_DIFF[16],LVDS_25,,,,,,,,,,,,,
35,D2,IOB_X1Y115,IO_L17N_T2_AD5N_35,78.114,78.899,,,FPGA_DIFF_N[17],IN,N,FPGA_DIFF[17],LVDS_25,,,,,,,,,,,,,
35,B1,IOB_X1Y113,IO_L18N_T2_AD13N_35,99.937,100.942,,,FPGA_DIFF_N[18],IN,N,FPGA_DIFF[18],LVDS_25,,,,,,,,,,,,,
35,H3,IOB_X1Y111,IO_L19N_T3_VREF_35,53.723,54.263,,,FPGA_DIFF_N[19],IN,N,FPGA_DIFF[19],LVDS_25,,,,,,,,,,,,,
34,P6,IOB_X1Y60,IO_L20P_T3_34,84.471,85.32,,,GS12281_GPIO[1],INOUT,,,LVCMOS18,8,SLOW,,,,,,,,,NONE,,
34,P8,IOB_X1Y89,IO_L5N_T0_34,111.801,112.925,,,GS12281_GPIO[2],INOUT,,,LVCMOS18,8,SLOW,,,,,,,,,NONE,,
34,P5,IOB_X1Y59,IO_L20N_T3_34,63.272,63.908,,,GS12281_GPIO[3],INOUT,,,LVCMOS18,8,SLOW,,,,,,,,,NONE,,
34,R4,IOB_X1Y53,IO_L23N_T3_34,62.686,63.316,,,GS12281_GPIO[4],INOUT,,,LVCMOS18,8,SLOW,,,,,,,,,NONE,,
112,U5,IPAD_X1Y10,MGTREFCLK1P_112,59.575,60.174,,,CLK_MGT1,IN,P,CLK_MGT1_N,,,,,,,,,,,,,,
112,V5,IPAD_X1Y11,MGTREFCLK1N_112,63.587,64.226,,,CLK_MGT1_N,IN,N,CLK_MGT1,,,,,,,,,,,,,,
112,U9,IPAD_X1Y8,MGTREFCLK0P_112,47.345,47.82,,,CLK_MGT0,IN,P,CLK_MGT0_N,,,,,,,,,,,,,,
112,V9,IPAD_X1Y9,MGTREFCLK0N_112,48.905,49.397,,,CLK_MGT0_N,IN,N,CLK_MGT0,,,,,,,,,,,,,,
34,R3,IOB_X1Y66,IO_L17P_T2_34,99.247,100.244,,,COAXPRESS_UPLINK_I,IN,,,LVCMOS18,,,,,,,,,,,,,
35,E3,IOB_X1Y107,IO_L21N_T3_DQS_AD14N_35,97.64,98.621,,,LED0,OUT,,,LVCMOS25,4,SLOW,,,,,,,,,NONE,,
35,G3,IOB_X1Y106,IO_L22P_T3_AD7P_35,59.13,59.725,,,LED1,OUT,,,LVCMOS25,4,SLOW,,,,,,,,,NONE,,
112,AA7,IPAD_X1Y1,MGTPRXP0_112,67.19,67.866,,,MGT_RX0,IN,P,MGT_RX0_N,,,,,,,,,,,,,,
112,AB7,IPAD_X1Y0,MGTPRXN0_112,65.604,66.264,,,MGT_RX0_N,IN,N,MGT_RX0,,,,,,,,,,,,,,
112,AA3,OPAD_X0Y1,MGTPTXP0_112,66.796,67.468,,,MGT_TX0,OUT,P,MGT_TX0_N,,,,,,,,,,,,,,
112,AB3,OPAD_X0Y0,MGTPTXN0_112,65.713,66.374,,,MGT_TX0_N,OUT,N,MGT_TX0,,,,,,,,,,,,,,
112,W4,OPAD_X0Y3,MGTPTXP1_112,58.58,59.169,,,MGT_TX1,OUT,P,MGT_TX1_N,,,,,,,,,,,,,,
112,Y4,OPAD_X0Y2,MGTPTXN1_112,57.173,57.747,,,MGT_TX1_N,OUT,N,MGT_TX1,,,,,,,,,,,,,,
112,AA5,OPAD_X0Y5,MGTPTXP2_112,110.11,111.217,,,MGT_TX2,OUT,P,MGT_TX2_N,,,,,,,,,,,,,,
112,AB5,OPAD_X0Y4,MGTPTXN2_112,109.385,110.484,,,MGT_TX2_N,OUT,N,MGT_TX2,,,,,,,,,,,,,,
34,P1,IOB_X1Y67,IO_L16N_T2_34,77.132,77.907,,,RS485_RX,IN,,,LVCMOS18,,,,,,,,,,,,,
34,P2,IOB_X1Y63,IO_L18N_T2_34,62.702,63.332,,,RS485_TX,OUT,,,LVCMOS18,4,SLOW,,,,,,,,,NONE,,
34,N8,IOB_X1Y90,IO_L5P_T0_34,88.454,89.343,,,SI5340_LOS_XAXBb,IN,,,LVCMOS18,,,,,,,,,,,,,
34,P7,IOB_X1Y52,IO_L24P_T3_34,54.819,55.37,,,SI5340_nINTR,IN,,,LVCMOS18,,,,,,,,,,,,,
34,M7,IOB_X1Y87,IO_L6N_T0_VREF_34,62.822,63.454,,,SI5340_LOL,IN,,,LVCMOS18,,,,,,,,,,,,,
34,M6,IOB_X1Y91,IO_L4N_T0_34,86.633,87.504,,,SI5340_nRST,OUT,,,LVCMOS18,4,SLOW,,,,,,,,,NONE,,
34,P3,IOB_X1Y64,IO_L18P_T2_34,79.64,80.441,,,SI5340_SCL,OUT,,,LVCMOS18,4,SLOW,,,,,,,,,NONE,,
34,M4,IOB_X1Y56,IO_L22P_T3_34,57.28,57.856,,,SI5340_SDA,INOUT,,,LVCMOS18,4,SLOW,,,,,,,,,NONE,,
0,M11,IPAD_X0Y31,VN_0,77.336,78.114,,,,,,,,,,,,,,,,,,,,
0,L12,IPAD_X0Y30,VP_0,71.657,72.377,,,,,,,,,,,,,,,,,,,,
0,T10,,DONE_0,56.017,56.58,,,,,,,,,,,,,,,,,,,,
0,N12,,DXP_0,75.538,76.297,,,,,,,,,,,,,,,,,,,,
0,K11,,GNDADC_0,,,,,,,,,,,,,,,,,,,,,,
0,K12,,VCCADC_0,47.94,48.422,,,,,,,,,,,,,,,,,,,,
0,M12,,VREFP_0,91.511,92.43,,,,,,,,,,,,,,,,,,,,
0,G14,,VCCBATT_0,45.704,46.163,,,,,,,,,,,,,,,,,,,,
0,H11,,TCK_0,30.888,31.198,,,,,,,,,,,,,,,,,,,,
0,N11,,DXN_0,77.608,78.388,,,,,,,,,,,,,,,,,,,,
0,L11,,VREFN_0,90.729,91.641,,,,,,,,,,,,,,,,,,,,
0,T8,,INIT_B_0,88.038,88.923,,,,,,,,,,,,,,,,,,,,
0,H9,,TDI_0,136.104,137.472,,,,,,,,,,,,,,,,,,,,
0,G9,,TDO_0,145.46,146.922,,,,,,,,,,,,,,,,,,,,
0,T9,,CFGBVS_0,51.974,52.496,,,,,,,,,,,,,,,,,,,CFGBVS_0,
0,V10,,PROGRAM_B_0,29.136,29.429,,,,,,,,,,,,,,,,,,,,
0,H10,,TMS_0,114.667,115.82,,,,,,,,,,,,,,,,,,,,
0,R11,,VCCO_0,,,,,,,,,,,,,,,,,,,,,VCCO_0,
13,U13,IOB_X0Y38,IO_L6P_T0_13,164.229,165.88,,,,,,,,,,,,,,,,,,,,
13,U14,IOB_X0Y37,IO_L6N_T0_VREF_13,166.084,167.753,,,,,,,,,,,,,,,,,,,,
13,AA11,IOB_X0Y36,IO_L7P_T1_13,169.135,170.835,,,,,,,,,,,,,,,,,,,,
13,AB11,IOB_X0Y35,IO_L7N_T1_13,164.875,166.532,,,,,,,,,,,,,,,,,,,,
13,AA12,IOB_X0Y34,IO_L8P_T1_13,152.529,154.062,,,,,,,,,,,,,,,,,,,,
13,AB12,IOB_X0Y33,IO_L8N_T1_13,156.2,157.77,,,,,,,,,,,,,,,,,,,,
13,AB13,IOB_X0Y32,IO_L9P_T1_DQS_13,144.075,145.523,,,,,,,,,,,,,,,,,,,,
13,AB14,IOB_X0Y31,IO_L9N_T1_DQS_13,133.356,134.696,,,,,,,,,,,,,,,,,,,,
13,Y12,IOB_X0Y30,IO_L10P_T1_13,144.131,145.58,,,,,,,,,,,,,,,,,,,,
13,Y13,IOB_X0Y29,IO_L10N_T1_13,132.859,134.195,,,,,,,,,,,,,,,,,,,,
13,AA14,IOB_X0Y28,IO_L11P_T1_SRCC_13,122.957,124.193,,,,,,,,,,,,,,,,,,,,
13,AA15,IOB_X0Y27,IO_L11N_T1_SRCC_13,118.291,119.48,,,,,,,,,,,,,,,,,,,,
13,Y14,IOB_X0Y26,IO_L12P_T1_MRCC_13,128.808,130.103,,,,,,,,,,,,,,,,,,,,
13,Y15,IOB_X0Y25,IO_L12N_T1_MRCC_13,124.609,125.861,,,,,,,,,,,,,,,,,,,,
13,Y18,IOB_X0Y24,IO_L13P_T2_MRCC_13,57.413,57.99,,,,,,,,,,,,,,,,,,,,
13,Y19,IOB_X0Y23,IO_L13N_T2_MRCC_13,63.92,64.563,,,,,,,,,,,,,,,,,,,,
13,AA16,IOB_X0Y22,IO_L14P_T2_SRCC_13,103.912,104.956,,,,,,,,,,,,,,,,,,,,
13,AA17,IOB_X0Y21,IO_L14N_T2_SRCC_13,97.792,98.775,,,,,,,,,,,,,,,,,,,,
13,AB21,IOB_X0Y20,IO_L15P_T2_DQS_13,103.805,104.848,,,,,,,,,,,,,,,,,,,,
13,AB22,IOB_X0Y19,IO_L15N_T2_DQS_13,102.761,103.794,,,,,,,,,,,,,,,,,,,,
13,AB18,IOB_X0Y18,IO_L16P_T2_13,82.394,83.223,,,,,,,,,,,,,,,,,,,,
13,AB19,IOB_X0Y17,IO_L16N_T2_13,81.591,82.411,,,,,,,,,,,,,,,,,,,,
13,AB16,IOB_X0Y16,IO_L17P_T2_13,84.875,85.728,,,,,,,,,,,,,,,,,,,,
13,AB17,IOB_X0Y15,IO_L17N_T2_13,79.697,80.498,,,,,,,,,,,,,,,,,,,,
13,AA19,IOB_X0Y14,IO_L18P_T2_13,64.428,65.075,,,,,,,,,,,,,,,,,,,,
13,AA20,IOB_X0Y13,IO_L18N_T2_13,62.633,63.263,,,,,,,,,,,,,,,,,,,,
13,R17,IOB_X0Y12,IO_L19P_T3_13,60.182,60.787,,,,,,,,,,,,,,,,,,,,
13,T17,IOB_X0Y11,IO_L19N_T3_VREF_13,46.593,47.062,,,,,,,,,,,,,,,,,,,,
13,U19,IOB_X0Y10,IO_L20P_T3_13,47.81,48.29,,,,,,,,,,,,,,,,,,,,
13,V19,IOB_X0Y9,IO_L20N_T3_13,37.854,38.235,,,,,,,,,,,,,,,,,,,,
13,V18,IOB_X0Y8,IO_L21P_T3_DQS_13,40.891,41.302,,,,,,,,,,,,,,,,,,,,
13,W18,IOB_X0Y7,IO_L21N_T3_DQS_13,42.954,43.385,,,,,,,,,,,,,,,,,,,,
13,U17,IOB_X0Y6,IO_L22P_T3_13,35.347,35.702,,,,,,,,,,,,,,,,,,,,
13,U18,IOB_X0Y5,IO_L22N_T3_13,26.206,26.469,,,,,,,,,,,,,,,,,,,,
13,V16,IOB_X0Y4,IO_L23P_T3_13,38.896,39.286,,,,,,,,,,,,,,,,,,,,
13,W16,IOB_X0Y3,IO_L23N_T3_13,38.724,39.113,,,,,,,,,,,,,,,,,,,,
13,W17,IOB_X0Y2,IO_L24P_T3_13,44.249,44.694,,,,,,,,,,,,,,,,,,,,
13,Y17,IOB_X0Y1,IO_L24N_T3_13,45.717,46.176,,,,,,,,,,,,,,,,,,,,
13,U16,IOB_X0Y0,IO_25_13,22.365,22.59,,,,,,,,,,,,,,,,,,,,
13,AA13,,VCCO_13,,,,,,,,,,,,,,,,,,,,,VCCO_13,3.3
13,AB20,,VCCO_13,,,,,,,,,,,,,,,,,,,,,VCCO_13,3.3
13,T18,,VCCO_13,,,,,,,,,,,,,,,,,,,,,VCCO_13,3.3
13,U15,,VCCO_13,,,,,,,,,,,,,,,,,,,,,VCCO_13,3.3
13,V12,,VCCO_13,,,,,,,,,,,,,,,,,,,,,VCCO_13,3.3
13,W19,,VCCO_13,,,,,,,,,,,,,,,,,,,,,VCCO_13,3.3
13,Y16,,VCCO_13,,,,,,,,,,,,,,,,,,,,,VCCO_13,3.3
34,H8,IOB_X1Y99,IO_0_34,54.544,55.093,,,,,,,,,,,,,,,,,,,,
34,K7,IOB_X1Y94,IO_L3P_T0_DQS_PUDC_B_34,78.964,79.757,,,,,,,,,,,,,,,,,,,,
34,R2,IOB_X1Y65,IO_L17N_T2_34,90.962,91.876,,,,,,,,,,,,,,,,,,,,
34,N4,IOB_X1Y58,IO_L21P_T3_DQS_34,58.624,59.213,,,,,,,,,,,,,,,,,,,,
34,N3,IOB_X1Y57,IO_L21N_T3_DQS_34,56.588,57.157,,,,,,,,,,,,,,,,,,,,
34,M3,IOB_X1Y55,IO_L22N_T3_34,55.451,56.009,,,,,,,,,,,,,,,,,,,,
34,R8,IOB_X1Y50,IO_25_34,48.55,49.038,,,,,,,,,,,,,,,,,,,,
34,H2,,VCCO_34,,,,,,,,,,,,,,,,,,,,,VCCO_34,1.8
34,K6,,VCCO_34,,,,,,,,,,,,,,,,,,,,,VCCO_34,1.8
34,L3,,VCCO_34,,,,,,,,,,,,,,,,,,,,,VCCO_34,1.8
34,N7,,VCCO_34,,,,,,,,,,,,,,,,,,,,,VCCO_34,1.8
34,P4,,VCCO_34,,,,,,,,,,,,,,,,,,,,,VCCO_34,1.8
34,R1,,VCCO_34,,,,,,,,,,,,,,,,,,,,,VCCO_34,1.8
35,H6,IOB_X1Y149,IO_0_35,37.351,37.726,,,,,,,,,,,,,,,,,,,,
35,G4,IOB_X1Y110,IO_L20P_T3_AD6P_35,56.19,56.755,,,,,,,,,,,,,,,,,,,,
35,F4,IOB_X1Y109,IO_L20N_T3_AD6N_35,56.099,56.663,,,,,,,,,,,,,,,,,,,,
35,E4,IOB_X1Y108,IO_L21P_T3_DQS_AD14P_35,107.473,108.553,,,,,,,,,,,,,,,,,,,,
35,G2,IOB_X1Y105,IO_L22N_T3_AD7N_35,57.558,58.137,,,,,,,,,,,,,,,,,,,,
35,F2,IOB_X1Y104,IO_L23P_T3_35,93.493,94.433,,,,,,,,,,,,,,,,,,,,
35,F1,IOB_X1Y103,IO_L23N_T3_35,83.919,84.762,,,,,,,,,,,,,,,,,,,,
35,H1,IOB_X1Y102,IO_L24P_T3_AD15P_35,54.05,54.593,,,,,,,,,,,,,,,,,,,,
35,G1,IOB_X1Y101,IO_L24N_T3_AD15N_35,65.704,66.364,,,,,,,,,,,,,,,,,,,,
35,H5,IOB_X1Y100,IO_25_35,48.413,48.899,,,,,,,,,,,,,,,,,,,,
35,A3,,VCCO_35,,,,,,,,,,,,,,,,,,,,,VCCO_35,2.5
35,C7,,VCCO_35,,,,,,,,,,,,,,,,,,,,,VCCO_35,2.5
35,D4,,VCCO_35,,,,,,,,,,,,,,,,,,,,,VCCO_35,2.5
35,E1,,VCCO_35,,,,,,,,,,,,,,,,,,,,,VCCO_35,2.5
35,F8,,VCCO_35,,,,,,,,,,,,,,,,,,,,,VCCO_35,2.5
35,G5,,VCCO_35,,,,,,,,,,,,,,,,,,,,,VCCO_35,2.5
112,W2,OPAD_X0Y7,MGTPTXP3_112,73.563,74.303,,,,,,,,,,,,,,,,,,,,
112,Y2,OPAD_X0Y6,MGTPTXN3_112,73.477,74.215,,,,,,,,,,,,,,,,,,,,
112,AA9,IPAD_X1Y19,MGTPRXP2_112,63.457,64.095,,,,,,,,,,,,,,,,,,,,
112,W8,IPAD_X1Y7,MGTPRXP1_112,66.08,66.744,,,,,,,,,,,,,,,,,,,,
112,W6,IPAD_X1Y25,MGTPRXP3_112,66.772,67.444,,,,,,,,,,,,,,,,,,,,
112,AB9,IPAD_X1Y18,MGTPRXN2_112,63.09,63.724,,,,,,,,,,,,,,,,,,,,
112,Y8,IPAD_X1Y6,MGTPRXN1_112,65.004,65.657,,,,,,,,,,,,,,,,,,,,
112,Y6,IPAD_X1Y24,MGTPRXN3_112,66.146,66.811,,,,,,,,,,,,,,,,,,,,
112,U7,,MGTRREF_112,26.8,27.069,,,,,,,,,,,,,,,,,,,,
500,F16,IOPAD_X1Y26,PS_CLK_500,30.054,30.356,,,,,,,,,,,,,,,,,,,,
500,B18,IOPAD_X1Y132,PS_POR_B_500,52.631,53.16,,,,,,,,,,,,,,,,,,,,
500,E17,IOPAD_X1Y92,PS_MIO15_500,37.252,37.627,,,,,,,,,,,,,,,,,,,,
500,B17,IOPAD_X1Y91,PS_MIO14_500,67.24,67.915,,,,,,,,,,,,,,,,,,,,
500,A17,IOPAD_X1Y90,PS_MIO13_500,63.463,64.101,,,,,,,,,,,,,,,,,,,,
500,C18,IOPAD_X1Y89,PS_MIO12_500,55.264,55.819,,,,,,,,,,,,,,,,,,,,
500,B19,IOPAD_X1Y88,PS_MIO11_500,59.996,60.599,,,,,,,,,,,,,,,,,,,,
500,G16,IOPAD_X1Y87,PS_MIO10_500,25.831,26.091,,,,,,,,,,,,,,,,,,,,
500,C19,IOPAD_X1Y86,PS_MIO9_500,54.213,54.758,,,,,,,,,,,,,,,,,,,,
500,E18,IOPAD_X1Y85,PS_MIO8_500,37.962,38.344,,,,,,,,,,,,,,,,,,,,
500,D18,IOPAD_X1Y84,PS_MIO7_500,48.801,49.292,,,,,,,,,,,,,,,,,,,,
500,A19,IOPAD_X1Y83,PS_MIO6_500,74.802,75.553,,,,,,,,,,,,,,,,,,,,
500,A20,IOPAD_X1Y82,PS_MIO5_500,75.763,76.524,,,,,,,,,,,,,,,,,,,,
500,E19,IOPAD_X1Y81,PS_MIO4_500,41.43,41.847,,,,,,,,,,,,,,,,,,,,
500,F17,IOPAD_X1Y80,PS_MIO3_500,43.949,44.391,,,,,,,,,,,,,,,,,,,,
500,A21,IOPAD_X1Y79,PS_MIO2_500,81.267,82.083,,,,,,,,,,,,,,,,,,,,
500,A22,IOPAD_X1Y78,PS_MIO1_500,88.857,89.75,,,,,,,,,,,,,,,,,,,,
500,G17,IOPAD_X1Y77,PS_MIO0_500,44.473,44.92,,,,,,,,,,,,,,,,,,,,
500,B20,,VCCO_MIO0_500,,,,,,,,,,,,,,,,,,,,,,
500,C17,,VCCO_MIO0_500,,,,,,,,,,,,,,,,,,,,,,
501,E14,IOPAD_X1Y94,PS_MIO17_501,54.652,55.201,,,,,,,,,,,,,,,,,,,,
501,E13,IOPAD_X1Y96,PS_MIO19_501,59.216,59.811,,,,,,,,,,,,,,,,,,,,
501,F12,IOPAD_X1Y98,PS_MIO21_501,80.575,81.385,,,,,,,,,,,,,,,,,,,,
501,E12,IOPAD_X1Y100,PS_MIO23_501,66.31,66.976,,,,,,,,,,,,,,,,,,,,
501,F11,IOPAD_X1Y102,PS_MIO25_501,70.978,71.692,,,,,,,,,,,,,,,,,,,,
501,D16,IOPAD_X1Y104,PS_MIO27_501,40.279,40.684,,,,,,,,,,,,,,,,,,,,
501,E15,IOPAD_X1Y106,PS_MIO29_501,40.199,40.603,,,,,,,,,,,,,,,,,,,,
501,F14,IOPAD_X1Y108,PS_MIO31_501,44.666,45.115,,,,,,,,,,,,,,,,,,,,
501,G11,IOPAD_X1Y110,PS_MIO33_501,80.088,80.893,,,,,,,,,,,,,,,,,,,,
501,F9,IOPAD_X1Y112,PS_MIO35_501,71.65,72.371,,,,,,,,,,,,,,,,,,,,
501,F10,IOPAD_X1Y115,PS_MIO38_501,81.002,81.816,,,,,,,,,,,,,,,,,,,,
501,E9,IOPAD_X1Y117,PS_MIO40_501,118.125,119.312,,,,,,,,,,,,,,,,,,,,
501,D15,IOPAD_X1Y119,PS_MIO42_501,34.566,34.913,,,,,,,,,,,,,,,,,,,,
501,E10,IOPAD_X1Y121,PS_MIO44_501,57.712,58.292,,,,,,,,,,,,,,,,,,,,
501,D11,IOPAD_X1Y123,PS_MIO46_501,72.55,73.279,,,,,,,,,,,,,,,,,,,,
501,D12,IOPAD_X1Y125,PS_MIO48_501,49.572,50.07,,,,,,,,,,,,,,,,,,,,
501,D10,IOPAD_X1Y127,PS_MIO50_501,64.641,65.29,,,,,,,,,,,,,,,,,,,,
501,D13,IOPAD_X1Y129,PS_MIO52_501,35.436,35.792,,,,,,,,,,,,,,,,,,,,
501,C14,IOPAD_X1Y134,PS_SRST_B_501,39.183,39.577,,,,,,,,,,,,,,,,,,,,
501,D17,IOPAD_X1Y93,PS_MIO16_501,48.541,49.029,,,,,,,,,,,,,,,,,,,,
501,A16,IOPAD_X1Y95,PS_MIO18_501,74.924,75.677,,,,,,,,,,,,,,,,,,,,
501,A15,IOPAD_X1Y97,PS_MIO20_501,76.586,77.356,,,,,,,,,,,,,,,,,,,,
501,A9,IOPAD_X1Y99,PS_MIO22_501,123.53,124.771,,,,,,,,,,,,,,,,,,,,
501,B16,IOPAD_X1Y101,PS_MIO24_501,58.704,59.294,,,,,,,,,,,,,,,,,,,,
501,A10,IOPAD_X1Y103,PS_MIO26_501,108.663,109.755,,,,,,,,,,,,,,,,,,,,
501,A11,IOPAD_X1Y105,PS_MIO28_501,95.738,96.7,,,,,,,,,,,,,,,,,,,,
501,A12,IOPAD_X1Y107,PS_MIO30_501,86.173,87.039,,,,,,,,,,,,,,,,,,,,
501,C16,IOPAD_X1Y109,PS_MIO32_501,47.492,47.969,,,,,,,,,,,,,,,,,,,,
501,B11,IOPAD_X1Y111,PS_MIO34_501,92.428,93.357,,,,,,,,,,,,,,,,,,,,
501,A14,IOPAD_X1Y113,PS_MIO36_501,61.961,62.584,,,,,,,,,,,,,,,,,,,,
501,B9,IOPAD_X1Y114,PS_MIO37_501,99.614,100.615,,,,,,,,,,,,,,,,,,,,
501,C10,IOPAD_X1Y116,PS_MIO39_501,92.775,93.707,,,,,,,,,,,,,,,,,,,,
501,C15,IOPAD_X1Y118,PS_MIO41_501,45.306,45.762,,,,,,,,,,,,,,,,,,,,
501,B12,IOPAD_X1Y120,PS_MIO43_501,71.771,72.493,,,,,,,,,,,,,,,,,,,,
501,B14,IOPAD_X1Y122,PS_MIO45_501,49.867,50.368,,,,,,,,,,,,,,,,,,,,
501,B13,IOPAD_X1Y124,PS_MIO47_501,57.133,57.707,,,,,,,,,,,,,,,,,,,,
501,C9,IOPAD_X1Y126,PS_MIO49_501,85.494,86.353,,,,,,,,,,,,,,,,,,,,
501,C13,IOPAD_X1Y128,PS_MIO51_501,54.427,54.974,,,,,,,,,,,,,,,,,,,,
501,C11,IOPAD_X1Y130,PS_MIO53_501,57.925,58.507,,,,,,,,,,,,,,,,,,,,
501,F15,,PS_MIO_VREF_501,18.449,18.635,,,,,,,,,,,,,,,,,,,,
501,A13,,VCCO_MIO1_501,,,,,,,,,,,,,,,,,,,,,,
501,B10,,VCCO_MIO1_501,,,,,,,,,,,,,,,,,,,,,,
501,D14,,VCCO_MIO1_501,,,,,,,,,,,,,,,,,,,,,,
501,E11,,VCCO_MIO1_501,,,,,,,,,,,,,,,,,,,,,,
502,F20,IOPAD_X1Y72,PS_DDR_DRST_B_502,75.695,76.456,,,,,,,,,,,,,,,,,,,,
502,D22,IOPAD_X1Y32,PS_DDR_DQ0_502,64.355,65.001,,,,,,,,,,,,,,,,,,,,
502,C20,IOPAD_X1Y33,PS_DDR_DQ1_502,72.516,73.245,,,,,,,,,,,,,,,,,,,,
502,B21,IOPAD_X1Y34,PS_DDR_DQ2_502,78.022,78.806,,,,,,,,,,,,,,,,,,,,
502,D20,IOPAD_X1Y35,PS_DDR_DQ3_502,64.094,64.739,,,,,,,,,,,,,,,,,,,,
502,B22,IOPAD_X1Y28,PS_DDR_DM0_502,82.443,83.271,,,,,,,,,,,,,,,,,,,,
502,C21,IOPAD_X1Y68,PS_DDR_DQS_P0_502,76.151,76.916,,,,,,,,,,,,,,,,,,,,
502,D21,IOPAD_X1Y64,PS_DDR_DQS_N0_502,76.455,77.223,,,,,,,,,,,,,,,,,,,,
502,E20,IOPAD_X1Y36,PS_DDR_DQ4_502,81.327,82.144,,,,,,,,,,,,,,,,,,,,
502,E22,IOPAD_X1Y37,PS_DDR_DQ5_502,65.681,66.342,,,,,,,,,,,,,,,,,,,,
502,F21,IOPAD_X1Y38,PS_DDR_DQ6_502,64.492,65.14,,,,,,,,,,,,,,,,,,,,
502,F22,IOPAD_X1Y39,PS_DDR_DQ7_502,65.603,66.263,,,,,,,,,,,,,,,,,,,,
502,G21,IOPAD_X1Y40,PS_DDR_DQ8_502,65.967,66.63,,,,,,,,,,,,,,,,,,,,
502,G22,IOPAD_X1Y41,PS_DDR_DQ9_502,66.906,67.578,,,,,,,,,,,,,,,,,,,,
502,L22,IOPAD_X1Y42,PS_DDR_DQ10_502,74.396,75.144,,,,,,,,,,,,,,,,,,,,
502,L21,IOPAD_X1Y43,PS_DDR_DQ11_502,75.934,76.697,,,,,,,,,,,,,,,,,,,,
502,H20,IOPAD_X1Y29,PS_DDR_DM1_502,64.524,65.172,,,,,,,,,,,,,,,,,,,,
502,H21,IOPAD_X1Y69,PS_DDR_DQS_P1_502,78.132,78.918,,,,,,,,,,,,,,,,,,,,
502,J21,IOPAD_X1Y65,PS_DDR_DQS_N1_502,76.687,77.458,,,,,,,,,,,,,,,,,,,,
502,L20,IOPAD_X1Y44,PS_DDR_DQ12_502,51.09,51.604,,,,,,,,,,,,,,,,,,,,
502,K22,IOPAD_X1Y45,PS_DDR_DQ13_502,66.752,67.423,,,,,,,,,,,,,,,,,,,,
502,J22,IOPAD_X1Y46,PS_DDR_DQ14_502,64.905,65.558,,,,,,,,,,,,,,,,,,,,
502,K20,IOPAD_X1Y47,PS_DDR_DQ15_502,68.194,68.88,,,,,,,,,,,,,,,,,,,,
502,G19,IOPAD_X1Y17,PS_DDR_A14_502,58.86,59.451,,,,,,,,,,,,,,,,,,,,
502,F19,IOPAD_X1Y18,PS_DDR_A13_502,73.089,73.824,,,,,,,,,,,,,,,,,,,,
502,H19,IOPAD_X1Y16,PS_DDR_A12_502,55.881,56.442,,,,,,,,,,,,,,,,,,,,
502,G18,IOPAD_X1Y15,PS_DDR_A11_502,54.179,54.724,,,,,,,,,,,,,,,,,,,,
502,J20,IOPAD_X1Y14,PS_DDR_A10_502,51.729,52.249,,,,,,,,,,,,,,,,,,,,
502,H18,IOPAD_X1Y13,PS_DDR_A9_502,52.459,52.986,,,,,,,,,,,,,,,,,,,,
502,J18,IOPAD_X1Y12,PS_DDR_A8_502,66.541,67.21,,,,,,,,,,,,,,,,,,,,
502,J17,IOPAD_X1Y11,PS_DDR_A7_502,51.474,51.992,,,,,,,,,,,,,,,,,,,,
502,J16,IOPAD_X1Y10,PS_DDR_A6_502,54.236,54.781,,,,,,,,,,,,,,,,,,,,
502,K18,IOPAD_X1Y9,PS_DDR_A5_502,61.918,62.541,,,,,,,,,,,,,,,,,,,,
502,K17,IOPAD_X1Y8,PS_DDR_A4_502,63.525,64.163,,,,,,,,,,,,,,,,,,,,
502,L19,IOPAD_X1Y7,PS_DDR_A3_502,54.288,54.833,,,,,,,,,,,,,,,,,,,,
502,M16,IOPAD_X1Y2,PS_DDR_VRN_502,75.083,75.838,,,,,,,,,,,,,,,,,,,,
502,N16,IOPAD_X1Y3,PS_DDR_VRP_502,76.712,77.483,,,,,,,,,,,,,,,,,,,,
502,N19,IOPAD_X1Y25,PS_DDR_CKP_502,76.758,77.529,,,,,,,,,,,,,,,,,,,,
502,N18,IOPAD_X1Y24,PS_DDR_CKN_502,75.327,76.084,,,,,,,,,,,,,,,,,,,,
502,K19,IOPAD_X1Y6,PS_DDR_A2_502,55.145,55.7,,,,,,,,,,,,,,,,,,,,
502,M18,IOPAD_X1Y5,PS_DDR_A1_502,59.38,59.977,,,,,,,,,,,,,,,,,,,,
502,M19,IOPAD_X1Y4,PS_DDR_A0_502,59.069,59.663,,,,,,,,,,,,,,,,,,,,
502,M17,IOPAD_X1Y21,PS_DDR_BA2_502,51.262,51.777,,,,,,,,,,,,,,,,,,,,
502,L17,IOPAD_X1Y20,PS_DDR_BA1_502,70.411,71.118,,,,,,,,,,,,,,,,,,,,
502,L16,IOPAD_X1Y19,PS_DDR_BA0_502,54.387,54.934,,,,,,,,,,,,,,,,,,,,
502,P18,IOPAD_X1Y131,PS_DDR_ODT_502,75.193,75.949,,,,,,,,,,,,,,,,,,,,
502,P17,IOPAD_X1Y27,PS_DDR_CS_B_502,87.162,88.038,,,,,,,,,,,,,,,,,,,,
502,T19,IOPAD_X1Y23,PS_DDR_CKE_502,95.708,96.67,,,,,,,,,,,,,,,,,,,,
502,R19,IOPAD_X1Y1,PS_DDR_WE_B_502,117.78,118.964,,,,,,,,,,,,,,,,,,,,
502,P20,IOPAD_X1Y22,PS_DDR_CAS_B_502,74.349,75.097,,,,,,,,,,,,,,,,,,,,
502,R18,IOPAD_X1Y133,PS_DDR_RAS_B_502,89.34,90.238,,,,,,,,,,,,,,,,,,,,
502,M22,IOPAD_X1Y48,PS_DDR_DQ16_502,63.846,64.488,,,,,,,,,,,,,,,,,,,,
502,T20,IOPAD_X1Y49,PS_DDR_DQ17_502,95.082,96.038,,,,,,,,,,,,,,,,,,,,
502,N20,IOPAD_X1Y50,PS_DDR_DQ18_502,58.052,58.635,,,,,,,,,,,,,,,,,,,,
502,T22,IOPAD_X1Y51,PS_DDR_DQ19_502,85.837,86.7,,,,,,,,,,,,,,,,,,,,
502,P22,IOPAD_X1Y30,PS_DDR_DM2_502,65.318,65.975,,,,,,,,,,,,,,,,,,,,
502,N21,IOPAD_X1Y70,PS_DDR_DQS_P2_502,70.538,71.246,,,,,,,,,,,,,,,,,,,,
502,P21,IOPAD_X1Y66,PS_DDR_DQS_N2_502,74.395,75.143,,,,,,,,,,,,,,,,,,,,
502,R20,IOPAD_X1Y52,PS_DDR_DQ20_502,59.725,60.325,,,,,,,,,,,,,,,,,,,,
502,T21,IOPAD_X1Y53,PS_DDR_DQ21_502,81.849,82.671,,,,,,,,,,,,,,,,,,,,
502,M21,IOPAD_X1Y54,PS_DDR_DQ22_502,63.649,64.289,,,,,,,,,,,,,,,,,,,,
502,R22,IOPAD_X1Y55,PS_DDR_DQ23_502,66.58,67.249,,,,,,,,,,,,,,,,,,,,
502,Y20,IOPAD_X1Y56,PS_DDR_DQ24_502,126.991,128.268,,,,,,,,,,,,,,,,,,,,
502,U22,IOPAD_X1Y57,PS_DDR_DQ25_502,95.538,96.498,,,,,,,,,,,,,,,,,,,,
502,AA22,IOPAD_X1Y58,PS_DDR_DQ26_502,107.417,108.497,,,,,,,,,,,,,,,,,,,,
502,U21,IOPAD_X1Y59,PS_DDR_DQ27_502,96.02,96.985,,,,,,,,,,,,,,,,,,,,
502,AA21,IOPAD_X1Y31,PS_DDR_DM3_502,104.325,105.373,,,,,,,,,,,,,,,,,,,,
502,V21,IOPAD_X1Y71,PS_DDR_DQS_P3_502,112.069,113.195,,,,,,,,,,,,,,,,,,,,
502,W21,IOPAD_X1Y67,PS_DDR_DQS_N3_502,110.613,111.725,,,,,,,,,,,,,,,,,,,,
502,W22,IOPAD_X1Y60,PS_DDR_DQ28_502,99.185,100.182,,,,,,,,,,,,,,,,,,,,
502,W20,IOPAD_X1Y61,PS_DDR_DQ29_502,116.021,117.187,,,,,,,,,,,,,,,,,,,,
502,V20,IOPAD_X1Y62,PS_DDR_DQ30_502,96.904,97.878,,,,,,,,,,,,,,,,,,,,
502,Y22,IOPAD_X1Y63,PS_DDR_DQ31_502,105.461,106.521,,,,,,,,,,,,,,,,,,,,
502,H16,,PS_DDR_VREF0_502,,,,,,,,,,,,,,,,,,,,,,
502,P16,,PS_DDR_VREF1_502,,,,,,,,,,,,,,,,,,,,,,
502,E21,,VCCO_DDR_502,,,,,,,,,,,,,,,,,,,,,,
502,F18,,VCCO_DDR_502,,,,,,,,,,,,,,,,,,,,,,
502,H22,,VCCO_DDR_502,,,,,,,,,,,,,,,,,,,,,,
502,J19,,VCCO_DDR_502,,,,,,,,,,,,,,,,,,,,,,
502,K16,,VCCO_DDR_502,,,,,,,,,,,,,,,,,,,,,,
502,M20,,VCCO_DDR_502,,,,,,,,,,,,,,,,,,,,,,
502,N17,,VCCO_DDR_502,,,,,,,,,,,,,,,,,,,,,,
502,R21,,VCCO_DDR_502,,,,,,,,,,,,,,,,,,,,,,
502,V22,,VCCO_DDR_502,,,,,,,,,,,,,,,,,,,,,,
,G12,,RSVDGND,54.911,55.463,,,,,,,,,,,,,,,,,,,,
,T11,,RSVDVCC3,56.314,56.88,,,,,,,,,,,,,,,,,,,,
,T14,,RSVDVCC2,55.652,56.211,,,,,,,,,,,,,,,,,,,,
,T15,,RSVDVCC1,104.706,105.758,,,,,,,,,,,,,,,,,,,,
,G13,,VCCPLL,,,,,,,,,,,,,,,,,,,,,,
,A8,,GND,,,,,,,,,,,,,,,,,,,,,GND,GND
,A18,,GND,,,,,,,,,,,,,,,,,,,,,GND,GND
,AA1,,GND,,,,,,,,,,,,,,,,,,,,,GND,GND
,AA6,,GND,,,,,,,,,,,,,,,,,,,,,GND,GND
,AA10,,GND,,,,,,,,,,,,,,,,,,,,,GND,GND
,AA18,,GND,,,,,,,,,,,,,,,,,,,,,GND,GND
,AB2,,GND,,,,,,,,,,,,,,,,,,,,,GND,GND
,AB4,,GND,,,,,,,,,,,,,,,,,,,,,GND,GND
,AB8,,GND,,,,,,,,,,,,,,,,,,,,,GND,GND
,AB10,,GND,,,,,,,,,,,,,,,,,,,,,GND,GND
,AB15,,GND,,,,,,,,,,,,,,,,,,,,,GND,GND
,B5,,GND,,,,,,,,,,,,,,,,,,,,,GND,GND
,B15,,GND,,,,,,,,,,,,,,,,,,,,,GND,GND
,C2,,GND,,,,,,,,,,,,,,,,,,,,,GND,GND
,C12,,GND,,,,,,,,,,,,,,,,,,,,,GND,GND
,C22,,GND,,,,,,,,,,,,,,,,,,,,,GND,GND
,D9,,GND,,,,,,,,,,,,,,,,,,,,,GND,GND
,D19,,GND,,,,,,,,,,,,,,,,,,,,,GND,GND
,E6,,GND,,,,,,,,,,,,,,,,,,,,,GND,GND
,E16,,GND,,,,,,,,,,,,,,,,,,,,,GND,GND
,F3,,GND,,,,,,,,,,,,,,,,,,,,,GND,GND
,F13,,GND,,,,,,,,,,,,,,,,,,,,,GND,GND
,G10,,GND,,,,,,,,,,,,,,,,,,,,,GND,GND
,G20,,GND,,,,,,,,,,,,,,,,,,,,,GND,GND
,H7,,GND,,,,,,,,,,,,,,,,,,,,,GND,GND
,H13,,GND,,,,,,,,,,,,,,,,,,,,,GND,GND
,H15,,GND,,,,,,,,,,,,,,,,,,,,,GND,GND
,H17,,GND,,,,,,,,,,,,,,,,,,,,,GND,GND
,J4,,GND,,,,,,,,,,,,,,,,,,,,,GND,GND
,J10,,GND,,,,,,,,,,,,,,,,,,,,,GND,GND
,J12,,GND,,,,,,,,,,,,,,,,,,,,,GND,GND
,J14,,GND,,,,,,,,,,,,,,,,,,,,,GND,GND
,K1,,GND,,,,,,,,,,,,,,,,,,,,,GND,GND
,K9,,GND,,,,,,,,,,,,,,,,,,,,,GND,GND
,K13,,GND,,,,,,,,,,,,,,,,,,,,,GND,GND
,K15,,GND,,,,,,,,,,,,,,,,,,,,,GND,GND
,K21,,GND,,,,,,,,,,,,,,,,,,,,,GND,GND
,L8,,GND,,,,,,,,,,,,,,,,,,,,,GND,GND
,L10,,GND,,,,,,,,,,,,,,,,,,,,,GND,GND
,L14,,GND,,,,,,,,,,,,,,,,,,,,,GND,GND
,L18,,GND,,,,,,,,,,,,,,,,,,,,,GND,GND
,M5,,GND,,,,,,,,,,,,,,,,,,,,,GND,GND
,M9,,GND,,,,,,,,,,,,,,,,,,,,,GND,GND
,M13,,GND,,,,,,,,,,,,,,,,,,,,,GND,GND
,M15,,GND,,,,,,,,,,,,,,,,,,,,,GND,GND
,N2,,GND,,,,,,,,,,,,,,,,,,,,,GND,GND
,N10,,GND,,,,,,,,,,,,,,,,,,,,,GND,GND
,N14,,GND,,,,,,,,,,,,,,,,,,,,,GND,GND
,N22,,GND,,,,,,,,,,,,,,,,,,,,,GND,GND
,P9,,GND,,,,,,,,,,,,,,,,,,,,,GND,GND
,P11,,GND,,,,,,,,,,,,,,,,,,,,,GND,GND
,P13,,GND,,,,,,,,,,,,,,,,,,,,,GND,GND
,P15,,GND,,,,,,,,,,,,,,,,,,,,,GND,GND
,P19,,GND,,,,,,,,,,,,,,,,,,,,,GND,GND
,R6,,GND,,,,,,,,,,,,,,,,,,,,,GND,GND
,R10,,GND,,,,,,,,,,,,,,,,,,,,,GND,GND
,R12,,GND,,,,,,,,,,,,,,,,,,,,,GND,GND
,R14,,GND,,,,,,,,,,,,,,,,,,,,,GND,GND
,R16,,GND,,,,,,,,,,,,,,,,,,,,,GND,GND
,T3,,GND,,,,,,,,,,,,,,,,,,,,,GND,GND
,T4,,GND,,,,,,,,,,,,,,,,,,,,,GND,GND
,T5,,GND,,,,,,,,,,,,,,,,,,,,,GND,GND
,T6,,GND,,,,,,,,,,,,,,,,,,,,,GND,GND
,T7,,GND,,,,,,,,,,,,,,,,,,,,,GND,GND
,T13,,GND,,,,,,,,,,,,,,,,,,,,,GND,GND
,U3,,GND,,,,,,,,,,,,,,,,,,,,,GND,GND
,U10,,GND,,,,,,,,,,,,,,,,,,,,,GND,GND
,U20,,GND,,,,,,,,,,,,,,,,,,,,,GND,GND
,V1,,GND,,,,,,,,,,,,,,,,,,,,,GND,GND
,V2,,GND,,,,,,,,,,,,,,,,,,,,,GND,GND
,V3,,GND,,,,,,,,,,,,,,,,,,,,,GND,GND
,V4,,GND,,,,,,,,,,,,,,,,,,,,,GND,GND
,V6,,GND,,,,,,,,,,,,,,,,,,,,,GND,GND
,V8,,GND,,,,,,,,,,,,,,,,,,,,,GND,GND
,V17,,GND,,,,,,,,,,,,,,,,,,,,,GND,GND
,W1,,GND,,,,,,,,,,,,,,,,,,,,,GND,GND
,W7,,GND,,,,,,,,,,,,,,,,,,,,,GND,GND
,W10,,GND,,,,,,,,,,,,,,,,,,,,,GND,GND
,W14,,GND,,,,,,,,,,,,,,,,,,,,,GND,GND
,Y1,,GND,,,,,,,,,,,,,,,,,,,,,GND,GND
,Y3,,GND,,,,,,,,,,,,,,,,,,,,,GND,GND
,Y5,,GND,,,,,,,,,,,,,,,,,,,,,GND,GND
,Y9,,GND,,,,,,,,,,,,,,,,,,,,,GND,GND
,Y10,,GND,,,,,,,,,,,,,,,,,,,,,GND,GND
,Y11,,GND,,,,,,,,,,,,,,,,,,,,,GND,GND
,Y21,,GND,,,,,,,,,,,,,,,,,,,,,GND,GND
,U4,,MGTAVCC,,,,,,,,,,,,,,,,,,,,,,
,U6,,MGTAVCC,,,,,,,,,,,,,,,,,,,,,,
,U8,,MGTAVCC,,,,,,,,,,,,,,,,,,,,,,
,W5,,MGTAVCC,,,,,,,,,,,,,,,,,,,,,,
,W9,,MGTAVCC,,,,,,,,,,,,,,,,,,,,,,
,AA2,,MGTAVTT,,,,,,,,,,,,,,,,,,,,,,
,AA4,,MGTAVTT,,,,,,,,,,,,,,,,,,,,,,
,AA8,,MGTAVTT,,,,,,,,,,,,,,,,,,,,,,
,AB1,,MGTAVTT,,,,,,,,,,,,,,,,,,,,,,
,AB6,,MGTAVTT,,,,,,,,,,,,,,,,,,,,,,
,Y7,,MGTAVTT,,,,,,,,,,,,,,,,,,,,,,
,N13,,VCCAUX,,,,,,,,,,,,,,,,,,,,,VCCAUX,1.8
,P12,,VCCAUX,,,,,,,,,,,,,,,,,,,,,VCCAUX,1.8
,R13,,VCCAUX,,,,,,,,,,,,,,,,,,,,,VCCAUX,1.8
,T12,,VCCAUX,,,,,,,,,,,,,,,,,,,,,VCCAUX,1.8
,H12,,VCCBRAM,,,,,,,,,,,,,,,,,,,,,,
,J13,,VCCBRAM,,,,,,,,,,,,,,,,,,,,,,
,J9,,VCCINT,,,,,,,,,,,,,,,,,,,,,,
,J11,,VCCINT,,,,,,,,,,,,,,,,,,,,,,
,K10,,VCCINT,,,,,,,,,,,,,,,,,,,,,,
,L9,,VCCINT,,,,,,,,,,,,,,,,,,,,,,
,M10,,VCCINT,,,,,,,,,,,,,,,,,,,,,,
,N9,,VCCINT,,,,,,,,,,,,,,,,,,,,,,
,P10,,VCCINT,,,,,,,,,,,,,,,,,,,,,,
,R9,,VCCINT,,,,,,,,,,,,,,,,,,,,,,
,K14,,VCCPAUX,,,,,,,,,,,,,,,,,,,,,,
,L13,,VCCPAUX,,,,,,,,,,,,,,,,,,,,,,
,M14,,VCCPAUX,,,,,,,,,,,,,,,,,,,,,,
,P14,,VCCPAUX,,,,,,,,,,,,,,,,,,,,,,
,G15,,VCCPINT,,,,,,,,,,,,,,,,,,,,,,
,H14,,VCCPINT,,,,,,,,,,,,,,,,,,,,,,
,J15,,VCCPINT,,,,,,,,,,,,,,,,,,,,,,
,L15,,VCCPINT,,,,,,,,,,,,,,,,,,,,,,
,N15,,VCCPINT,,,,,,,,,,,,,,,,,,,,,,
,R15,,VCCPINT,,,,,,,,,,,,,,,,,,,,,,
,V7,,NC,,,,,,,,,,,,,,,,,,,,,,
,W3,,NC,,,,,,,,,,,,,,,,,,,,,,
,,,,,,,,,,,,,,,,,,,,,,true,,,
,,,,,,,,,,,,,,,,,,,,,,,,,
,,,,,,,,,,,,,,,,,,,,,,,,,
,,,,,,,,,,,,,,,,,,,,,,,,,
,,,,,,,,,,,,,,,,,,,,,,,,,
,,,,,,,,,,,,,,,,,,,,,,,,,
,,,,,,,,,,,,,,,,,,,,,,,,,
,,,,,,,,,,,,,,,,,,,,,,,,,
,,,,,,,,,,,,,,,,,,,,,,,,,
,,,,,,,,,,,,,,,,,,,,,,,,,
,,,,,,,,,,,,,,,,,,,,,,,,,
,,,,,,,,,,,,,,,,,,,,,,,,,
,,,,,,,,,,,,,,,,,,,,,,,,,
,,,,,,,,,,,,,,,,,,,,,,,,,
,,,,,,,,,,,,,,,,,,,,,,,,,
,,,,,,,,,,,,,,,,,,,,,,,,,
,,,,,,,,,,,,,,,,,,,,,,,,,
,,,,,,,,,,,,,,,,,,,,,,,,,
,,,,,,,,,,,,,,,,,,,,,,,,,
,,,,,,,,,,,,,,,,,,,,,,,,,
,,,,,,,,,,,,,,,,,,,,,,,,,
,,,,,,,,,,,,,,,,,,,,,,,,,
,,,,,,,,,,,,,,,,,,,,,,,,,
,,,,,,,,,,,,,,,,,,,,,,,,,
,,,,,,,,,,,,,,,,,,,,,,,,,
,,,,,,,,,,,,,,,,,,,,,,,,,
,,,,,,,,,,,,,,,,,,,,,,,,,
,,,,,,,,,,,,,,,,,,,,,,,,,
,,,,,,,,,,,,,,,,,,,,,,,,,
,,,,,,,,,,,,,,,,,,,,,,,,,
,,,,,,,,,,,,,,,,,,,,,,,,,
,,,,,,,,,,,,,,,,,,,,,,,,,
,,,,,,,,,,,,,,,,,,,,,,,,,
,,,,,,,,,,,,,,,,,,,,,,,,,
,,,,,,,,,,,,,,,,,,,,,,,,,
,,,,,,,,,,,,,,,,,,,,,,,,,
,,,,,,,,,,,,,,,,,,,,,,,,,
,,,,,,,,,,,,,,,,,,,,,,,FP_VTT_50,,
